{+"linear:"+{"x":0.000000,"y":0.000000,"z":0.000000},"angular:"{"x":0.000000,"y":0.000000,"z":0.000000}}}